source_id,brand,name,categories,price,web_url,img_url
298414,Opi,OPI Rock Goddess Mini Nail Lacquer Set 5pcs,Make Up & Cosmetics >> Nails >> Nails >> Enamel,2295,/iteminfo/opi-rock-goddess-mini-nail-lacquer-set-5pcs,//d3pllp7nz3wmw5.cloudfront.net/product_images/21643351922_EBAY_SMALL_US.jpg
258939,Christian Dior,C.dior Top Coat Abricot Nail Enamel Sets & Speed-dries 10ml,Make Up & Cosmetics >> Nails >> Nails >> Top Coat / Base Coat,3695,/iteminfo/christian-dior-top-coat-abricot-sets-and-speed-dries-nail-enamel-10ml,//d3pllp7nz3wmw5.cloudfront.net/product_images/14495080122_EBAY_SMALL_US.jpg
253063,Miscellaneous,Camouflage Nail Polish Chili Red,Make Up & Cosmetics >> Nails >> Nails,1162,/iteminfo/camouflage-nail-polish-chili-red,//d3pllp7nz3wmw5.cloudfront.net/product_images/3540_order_save_EBAY_SMALL_US.jpg
253073,Miscellaneous,Camouflage Nail Polish Pink,Make Up & Cosmetics >> Nails >> Nails,1162,/iteminfo/camouflage-nail-polish-pink,//d3pllp7nz3wmw5.cloudfront.net/product_images/3549_order_save_EBAY_SMALL_US.jpg
263394,Christian Dior,C.dior Gel Coat Spectaculair Shine & Shape Top Coat Gel 10ml,Make Up & Cosmetics >> Nails >> Nails >> Top Coat / Base Coat,3795,/iteminfo/christian-dior-gel-coat-spectacular-shine-and-shape-top-coat-gel-10ml,//d3pllp7nz3wmw5.cloudfront.net/product_images/18637680122_EBAY_SMALL_US.jpg
247463,Revlon,Nail Polish Garden,Make Up & Cosmetics >> Nails >> Nails,1226,/iteminfo/revlon-nail-polish-garden,//d3pllp7nz3wmw5.cloudfront.net/product_images/3642_order_save_EBAY_SMALL_US.jpg
247731,Opi,Nail Polish Tasmanian Devil Made Me Do It 15ml,Make Up & Cosmetics >> Nails >> Nails,2295,/iteminfo/opi-nail-polish-tasmanian-devil-made-me-do-it-15ml,//d3pllp7nz3wmw5.cloudfront.net/product_images/4252_order_save_EBAY_SMALL_US.jpg
271969,Ciate,Denim Manicure Kit,Make Up & Cosmetics >> Nails >> Nails >> Enamel,1732,/iteminfo/ciate-denim-manicure-kit,//d3pllp7nz3wmw5.cloudfront.net/product_images/19577262822_EBAY_SMALL_US.jpg
247420,Revlon,Nail Polish Enamel Powerwalk Pink,Make Up & Cosmetics >> Nails >> Nails,1392,/iteminfo/revlon-nail-polish-enamel-powerwalk-pink,//d3pllp7nz3wmw5.cloudfront.net/product_images/2592_order_save_EBAY_SMALL_US.jpg
298438,Opi,OPI Hello Kitty Mini Nail Lacquers Friend Pack 6pcs,Make Up & Cosmetics >> Nails >> Nails >> Enamel,2595,/iteminfo/opi-hello-kitty-mini-nail-lacquers-friend-pack-6pcs,//d3pllp7nz3wmw5.cloudfront.net/product_images/21643251922_EBAY_SMALL_US.jpg
247699,Cutex,Nail Polish Remover Regular 118ml,Make Up & Cosmetics >> Nails >> Nails,1254,/iteminfo/cutex-nail-polish-remover-regular-118ml,//d3pllp7nz3wmw5.cloudfront.net/product_images/1900_order_save_EBAY_SMALL_US.jpg
247724,Opi,Nail Polish Modern Girl 15ml,Make Up & Cosmetics >> Nails >> Nails,2295,/iteminfo/opi-nail-polish-modern-girl-15ml,//d3pllp7nz3wmw5.cloudfront.net/product_images/4257_order_save_EBAY_SMALL_US.jpg
253068,Miscellaneous,Camouflage Nail Polish Purple,Make Up & Cosmetics >> Nails >> Nails,1162,/iteminfo/camouflage-nail-polish-purple,//d3pllp7nz3wmw5.cloudfront.net/product_images/3545_order_save_EBAY_SMALL_US.jpg
247732,Opi,Nail Polish Big Apple Red 15ml,Make Up & Cosmetics >> Nails >> Nails,2295,/iteminfo/opi-nail-polish-big-apple-red-15ml,//d3pllp7nz3wmw5.cloudfront.net/product_images/4254_order_save_EBAY_SMALL_US.jpg
253051,Miscellaneous,Camouflage Nail Polish Orange,Make Up & Cosmetics >> Nails >> Nails,1162,/iteminfo/camouflage-nail-polish-orange,//d3pllp7nz3wmw5.cloudfront.net/product_images/3528_order_save_EBAY_SMALL_US.jpg
253074,Miscellaneous,Camouflage Nail Polish Black,Make Up & Cosmetics >> Nails >> Nails,1162,/iteminfo/camouflage-nail-polish-black,//d3pllp7nz3wmw5.cloudfront.net/product_images/3550_order_save_EBAY_SMALL_US.jpg
275179,Opi,OPI Nail Lacquer - #Pink Shatter 15ml,Make Up & Cosmetics >> Nails >> Nails >> Enamel,1299,/iteminfo/opi-nail-lacquer-nopink-shatter-15ml,//d3pllp7nz3wmw5.cloudfront.net/product_images/20008651922_EBAY_SMALL_US.jpg
247459,Revlon,Nail Polish Moss,Make Up & Cosmetics >> Nails >> Nails,1226,/iteminfo/revlon-nail-polish-moss,//d3pllp7nz3wmw5.cloudfront.net/product_images/3640_order_save_EBAY_SMALL_US.jpg
247823,Flormar,Nail Polish 003 Hot Pink,Make Up & Cosmetics >> Nails >> Nails,1278,/iteminfo/flormar-nail-polish-003-hot-pink,//d3pllp7nz3wmw5.cloudfront.net/product_images/4643_order_save_EBAY_SMALL_US.jpg
248003,Flormar,Nail Polish Colour White 012,Make Up & Cosmetics >> Nails >> Nails,1278,/iteminfo/flormar-nail-polish-colour-white-012,//d3pllp7nz3wmw5.cloudfront.net/product_images/4862_order_save_EBAY_SMALL_US.jpg
248855,L'Oreal,L'oreal Resist And Shine Titanium Nail Polish 602 Cyclamen,Make Up & Cosmetics >> Nails >> Nails,1278,/iteminfo/loreal-resist-and-shine-titanium-nail-polish-602-cyclamen,//d3pllp7nz3wmw5.cloudfront.net/product_images/7024_order_save_EBAY_SMALL_US.jpg
248857,Revlon,Nail Polish 731 Knockout Limited Edition Enamel~black,Make Up & Cosmetics >> Nails >> Nails,1621,/iteminfo/revlon-nail-polish-731-knockout-limited-edition-enamel%7Eblack,//d3pllp7nz3wmw5.cloudfront.net/product_images/7026_order_save_EBAY_SMALL_US.jpg
247820,Flormar,Nail Polish 002 Dazle Me,Make Up & Cosmetics >> Nails >> Nails,1278,/iteminfo/flormar-nail-polish-002-dazle-me,//d3pllp7nz3wmw5.cloudfront.net/product_images/4646_order_save_EBAY_SMALL_US.jpg
248853,L'Oreal,L'oreal Resist & Shine Titanium Nail Polish 734 Black Ruby 9ml,Make Up & Cosmetics >> Nails >> Nails,1278,/iteminfo/loreal-resist-and-shine-titanium-nail-polish-734-black-ruby-9ml,//d3pllp7nz3wmw5.cloudfront.net/product_images/7022_order_save_EBAY_SMALL_US.jpg
253066,Miscellaneous,Camouflage Nail Polish Lilac,Make Up & Cosmetics >> Nails >> Nails,1162,/iteminfo/camouflage-nail-polish-lilac,//d3pllp7nz3wmw5.cloudfront.net/product_images/3543_order_save_EBAY_SMALL_US.jpg
271972,Ciate,Feathered Manicure Set - All A Flutter,Make Up & Cosmetics >> Nails >> Nails >> Enamel,2995,/iteminfo/ciate-feathered-manicure-set-all-a-flutter,//d3pllp7nz3wmw5.cloudfront.net/product_images/19577562822_EBAY_SMALL_US.jpg
271999,Ciate,Nail Polish - Fit For A Queen 13.5ml,Make Up & Cosmetics >> Nails >> Nails >> Enamel,1010,/iteminfo/ciate-nail-polish-fit-for-a-queen-069-13ml,//d3pllp7nz3wmw5.cloudfront.net/product_images/19581462822_EBAY_SMALL_US.jpg
272238,Ciate,Nail Polish - Superfacial 13.5ml,Make Up & Cosmetics >> Nails >> Nails >> Enamel,1010,/iteminfo/ciate-nail-polish-superfacial-035-13ml,//d3pllp7nz3wmw5.cloudfront.net/product_images/19580262822_EBAY_SMALL_US.jpg
247330,L'Oreal,L'oreal Shock Proof Nail Polish Fresco Perle 810,Make Up & Cosmetics >> Nails >> Nails,1278,/iteminfo/loreal-shock-proof-nail-polish-fresco-perle-810,//d3pllp7nz3wmw5.cloudfront.net/product_images/3315_order_save_EBAY_SMALL_US.jpg
247697,Cutex,Nail Polish Remover 60ml,Make Up & Cosmetics >> Nails >> Nails,1226,/iteminfo/cutex-nail-polish-remover-60ml,//d3pllp7nz3wmw5.cloudfront.net/product_images/2140_order_save_EBAY_SMALL_US.jpg
247733,Opi,Nail Polish Red My Fortune Cookie 15ml,Make Up & Cosmetics >> Nails >> Nails,2295,/iteminfo/opi-nail-polish-red-my-fortune-cookie-15ml,//d3pllp7nz3wmw5.cloudfront.net/product_images/4253_order_save_EBAY_SMALL_US.jpg
247821,Flormar,Nail Polish 004 Indigo,Make Up & Cosmetics >> Nails >> Nails,1278,/iteminfo/flormar-nail-polish-004-indigo,//d3pllp7nz3wmw5.cloudfront.net/product_images/4645_order_save_EBAY_SMALL_US.jpg
248852,L'Oreal,Loreal Resist & Shine Titanium Nail Polish 732 Black Violet 9ml,Make Up & Cosmetics >> Nails >> Nails,1278,/iteminfo/loreal-resist-and-shine-titanium-nail-polish-732-black-violet-9ml,//d3pllp7nz3wmw5.cloudfront.net/product_images/7021_order_save_EBAY_SMALL_US.jpg
253050,Miscellaneous,Camouflage Nail Polish Pink Lilac,Make Up & Cosmetics >> Nails >> Nails,1162,/iteminfo/camouflage-nail-polish-pink-lilac,//d3pllp7nz3wmw5.cloudfront.net/product_images/3527_order_save_EBAY_SMALL_US.jpg
253054,Miscellaneous,Camouflage Nail Polish Almost Black,Make Up & Cosmetics >> Nails >> Nails,1162,/iteminfo/camouflage-nail-polish-almost-black,//d3pllp7nz3wmw5.cloudfront.net/product_images/3530_order_save_EBAY_SMALL_US.jpg
253055,Miscellaneous,Camouflage Nail Polish Dark Green,Make Up & Cosmetics >> Nails >> Nails,1162,/iteminfo/camouflage-nail-polish-dark-green,//d3pllp7nz3wmw5.cloudfront.net/product_images/3531_order_save_EBAY_SMALL_US.jpg
253067,Miscellaneous,Camouflage Nail Polish Skin,Make Up & Cosmetics >> Nails >> Nails,1162,/iteminfo/camouflage-nail-polish-skin,//d3pllp7nz3wmw5.cloudfront.net/product_images/3544_order_save_EBAY_SMALL_US.jpg
268564,Estee Lauder,Pure Color Nail Lacquer - # GM Blue Blood 9ml,Make Up & Cosmetics >> Nails >> Nails >> Enamel,3695,/iteminfo/estee-lauder-pure-color-nail-lacquer-nogm-blue-blood-9ml,//d3pllp7nz3wmw5.cloudfront.net/product_images/19167480622_EBAY_SMALL_US.jpg
271974,Ciate,Nail Polish - Kitten Heels 13.5ml,Make Up & Cosmetics >> Nails >> Nails >> Enamel,1010,/iteminfo/ciate-nail-polish-kitten-heels-036-13ml,//d3pllp7nz3wmw5.cloudfront.net/product_images/19578062822_EBAY_SMALL_US.jpg
271990,Ciate,Nail Polish - Mango Martini 13.5ml,Make Up & Cosmetics >> Nails >> Nails >> Enamel,1010,/iteminfo/ciate-nail-polish-mango-martini-134-13ml,//d3pllp7nz3wmw5.cloudfront.net/product_images/19579962822_EBAY_SMALL_US.jpg
271994,Ciate,Nail Polish - Golden Sands 13.5ml,Make Up & Cosmetics >> Nails >> Nails >> Enamel,1010,/iteminfo/ciate-nail-polish-golden-sands-092-13ml,//d3pllp7nz3wmw5.cloudfront.net/product_images/19580562822_EBAY_SMALL_US.jpg
272240,Ciate,Nail Polish - Honey Bee 13.5ml,Make Up & Cosmetics >> Nails >> Nails >> Enamel,1010,/iteminfo/ciate-nail-polish-honey-bee-093-13ml,//d3pllp7nz3wmw5.cloudfront.net/product_images/19580662822_EBAY_SMALL_US.jpg
272241,Ciate,Nail Polish - Sand Dune 13.5ml,Make Up & Cosmetics >> Nails >> Nails >> Enamel,1010,/iteminfo/ciate-nail-polish-sand-dune-085-13ml,//d3pllp7nz3wmw5.cloudfront.net/product_images/19582162822_EBAY_SMALL_US.jpg
263395,Christian Dior,C.dior Diorlisse Abricot Smoothing Perfecting Nail #500 Pink Petal 10ml,Make Up & Cosmetics >> Nails >> Nails >> Top Coat / Base Coat,3795,/iteminfo/christian-dior-diorlisse-abricot-smoothing-perfecting-nail-care-no500-pink-petal-10ml,//d3pllp7nz3wmw5.cloudfront.net/product_images/18637780122_EBAY_SMALL_US.jpg
247310,Rimmel,Lasting Finish Lycra Wear Super Durable Nail Polish Pink Punk 289,Make Up & Cosmetics >> Nails >> Nails,1278,/iteminfo/rimmel-lasting-finish-lycra-wear-super-durable-nail-polish-pink-punk-289,//d3pllp7nz3wmw5.cloudfront.net/product_images/3275_order_save_EBAY_SMALL_US.jpg
247320,L'Oreal,L'oreal La Collection Nail Polish Charcoal 304,Make Up & Cosmetics >> Nails >> Nails,1392,/iteminfo/loreal-la-collection-nail-polish-charcoal-304,//d3pllp7nz3wmw5.cloudfront.net/product_images/3293_order_save_EBAY_SMALL_US.jpg
247718,Opi,Nail Polish Louvre Me Not 15ml,Make Up & Cosmetics >> Nails >> Nails,2295,/iteminfo/opi-nail-polish-louvre-me-not-15ml,//d3pllp7nz3wmw5.cloudfront.net/product_images/4244_order_save_EBAY_SMALL_US.jpg
247719,Opi,Nail Polish The Thrill Of Brazil 15ml,Make Up & Cosmetics >> Nails >> Nails,2295,/iteminfo/opi-nail-polish-the-thrill-of-brazil-15ml,//d3pllp7nz3wmw5.cloudfront.net/product_images/4245_order_save_EBAY_SMALL_US.jpg
247819,Flormar,Nail Polish 005 Dream Mate,Make Up & Cosmetics >> Nails >> Nails,1278,/iteminfo/flormar-nail-polish-005-dream-mate,//d3pllp7nz3wmw5.cloudfront.net/product_images/4647_order_save_EBAY_SMALL_US.jpg
247976,Flormar,Nail Polish Colour Pink Pash 035,Make Up & Cosmetics >> Nails >> Nails,1278,/iteminfo/flormar-nail-polish-colour-pink-pash-035,//d3pllp7nz3wmw5.cloudfront.net/product_images/4882_order_save_EBAY_SMALL_US.jpg
247993,Flormar,Nail Polish Colour Night Pink 004,Make Up & Cosmetics >> Nails >> Nails,1278,/iteminfo/flormar-nail-polish-colour-night-pink-004,//d3pllp7nz3wmw5.cloudfront.net/product_images/4854_order_save_EBAY_SMALL_US.jpg
248856,L'Oreal,L'oreal Resist And Shine Titanium Nail Polish Burgundy Black 502,Make Up & Cosmetics >> Nails >> Nails,1278,/iteminfo/loreal-resist-and-shine-titanium-nail-polish-burgundy-black-502,//d3pllp7nz3wmw5.cloudfront.net/product_images/7025_order_save_EBAY_SMALL_US.jpg
253071,Miscellaneous,Camouflage Nail Polish Purple Night,Make Up & Cosmetics >> Nails >> Nails,1162,/iteminfo/camouflage-nail-polish-purple-night,//d3pllp7nz3wmw5.cloudfront.net/product_images/3547_order_save_EBAY_SMALL_US.jpg
253072,Miscellaneous,Camouflage Nail Polish Bronze,Make Up & Cosmetics >> Nails >> Nails,1162,/iteminfo/camouflage-nail-polish-bronze,//d3pllp7nz3wmw5.cloudfront.net/product_images/3548_order_save_EBAY_SMALL_US.jpg
253076,Miscellaneous,Camouflage Nail Polish Grey,Make Up & Cosmetics >> Nails >> Nails,1162,/iteminfo/camouflage-nail-polish-grey,//d3pllp7nz3wmw5.cloudfront.net/product_images/3552_order_save_EBAY_SMALL_US.jpg
253084,Miscellaneous,Camouflage Nail Polish Fairy Floss,Make Up & Cosmetics >> Nails >> Nails,1162,/iteminfo/camouflage-nail-polish-fairy-floss,//d3pllp7nz3wmw5.cloudfront.net/product_images/3536_order_save_EBAY_SMALL_US.jpg
271976,Ciate,Nail Polish - Fashionista Sister 13.5ml,Make Up & Cosmetics >> Nails >> Nails >> Enamel,1010,/iteminfo/ciate-nail-polish-fashionista-sister-015-13ml,//d3pllp7nz3wmw5.cloudfront.net/product_images/19578362822_EBAY_SMALL_US.jpg
271983,Ciate,Nail Polish - Vintage 13.5ml,Make Up & Cosmetics >> Nails >> Nails >> Enamel,1010,/iteminfo/ciate-nail-polish-vintage-033-13ml,//d3pllp7nz3wmw5.cloudfront.net/product_images/19579062822_EBAY_SMALL_US.jpg
271992,Ciate,Nail Polish - Meet Me In Mayfair 13.5ml,Make Up & Cosmetics >> Nails >> Nails >> Enamel,1010,/iteminfo/ciate-nail-polish-meet-me-in-mayfair-175-13ml,//d3pllp7nz3wmw5.cloudfront.net/product_images/19580162822_EBAY_SMALL_US.jpg
271997,Ciate,Nail Polish - Beach Hut 13.5ml,Make Up & Cosmetics >> Nails >> Nails >> Enamel,1010,/iteminfo/ciate-nail-polish-beach-hut-097-13ml,//d3pllp7nz3wmw5.cloudfront.net/product_images/19581062822_EBAY_SMALL_US.jpg
271998,Ciate,Nail Polish - Sharp Tailoring 13.5ml,Make Up & Cosmetics >> Nails >> Nails >> Enamel,1010,/iteminfo/ciate-nail-polish-sharp-tailoring-052-13ml,//d3pllp7nz3wmw5.cloudfront.net/product_images/19581162822_EBAY_SMALL_US.jpg
247128,L'Oreal,3x L'oreal Resists Shine Nail Polish Silver Gold,Make Up & Cosmetics >> Nails >> Nails,2080,/iteminfo/3x-loreal-resists-shine-nail-polish-silver-gold,//d3pllp7nz3wmw5.cloudfront.net/product_images/2594_order_save_EBAY_SMALL_US.jpg
247321,L'Oreal,L'oreal La Collection Nail Polish Baby Pink 102,Make Up & Cosmetics >> Nails >> Nails,1392,/iteminfo/loreal-la-collection-nail-polish-baby-pink-102,//d3pllp7nz3wmw5.cloudfront.net/product_images/3294_order_save_EBAY_SMALL_US.jpg
247398,Maybelline,Wet Shine Diamonds Nail Polish Gold Galaxy,Make Up & Cosmetics >> Nails >> Nails,1621,/iteminfo/maybelline-wet-shine-diamonds-nail-polish-gold-galaxy,//d3pllp7nz3wmw5.cloudfront.net/product_images/3511_order_save_EBAY_SMALL_US.jpg
247723,Opi,Nail Polish La Paz-itively 15ml,Make Up & Cosmetics >> Nails >> Nails,2295,/iteminfo/opi-nail-polish-la-paz-itively-15ml,//d3pllp7nz3wmw5.cloudfront.net/product_images/4258_order_save_EBAY_SMALL_US.jpg
247725,Opi,Nail Polish You're A Piza 15ml,Make Up & Cosmetics >> Nails >> Nails,2295,/iteminfo/opi-nail-polish-youre-a-piza-15ml,//d3pllp7nz3wmw5.cloudfront.net/product_images/4248_order_save_EBAY_SMALL_US.jpg
247729,Opi,Nail Polish Blue My Mind 15ml,Make Up & Cosmetics >> Nails >> Nails,2295,/iteminfo/opi-nail-polish-blue-my-mind-15ml,//d3pllp7nz3wmw5.cloudfront.net/product_images/4251_order_save_EBAY_SMALL_US.jpg
247734,Opi,Nail Polish My Private Jet 15ml,Make Up & Cosmetics >> Nails >> Nails,2295,/iteminfo/opi-nail-polish-my-private-jet-15ml,//d3pllp7nz3wmw5.cloudfront.net/product_images/4260_order_save_EBAY_SMALL_US.jpg
247982,Flormar,Nail Polish Colour Baby Pink 028,Make Up & Cosmetics >> Nails >> Nails,1278,/iteminfo/flormar-nail-polish-colour-baby-pink-028,//d3pllp7nz3wmw5.cloudfront.net/product_images/4877_order_save_EBAY_SMALL_US.jpg
247984,Flormar,Nail Polish Colour Bottle Pink 026,Make Up & Cosmetics >> Nails >> Nails,1278,/iteminfo/flormar-nail-polish-colour-bottle-pink-026,//d3pllp7nz3wmw5.cloudfront.net/product_images/4876_order_save_EBAY_SMALL_US.jpg
247985,Flormar,Nail Polish Colour Stand Out Wine 025,Make Up & Cosmetics >> Nails >> Nails,1278,/iteminfo/flormar-nail-polish-colour-stand-out-wine-025,//d3pllp7nz3wmw5.cloudfront.net/product_images/4875_order_save_EBAY_SMALL_US.jpg
247994,Flormar,Nail Polish Colour Skin Nude 014,Make Up & Cosmetics >> Nails >> Nails,1278,/iteminfo/flormar-nail-polish-colour-skin-nude-014,//d3pllp7nz3wmw5.cloudfront.net/product_images/4864_order_save_EBAY_SMALL_US.jpg
248005,Flormar,Nail Polish Colour Glamour 008,Make Up & Cosmetics >> Nails >> Nails,1278,/iteminfo/flormar-nail-polish-colour-glamour-008,//d3pllp7nz3wmw5.cloudfront.net/product_images/4858_order_save_EBAY_SMALL_US.jpg
248009,Flormar,Nail Polish Colour Posh Pink 002,Make Up & Cosmetics >> Nails >> Nails,1278,/iteminfo/flormar-nail-polish-colour-posh-pink-002,//d3pllp7nz3wmw5.cloudfront.net/product_images/4852_order_save_EBAY_SMALL_US.jpg
253056,Miscellaneous,Camouflage Nail Polish Mushroom,Make Up & Cosmetics >> Nails >> Nails,1162,/iteminfo/camouflage-nail-polish-mushroom,//d3pllp7nz3wmw5.cloudfront.net/product_images/3532_order_save_EBAY_SMALL_US.jpg
253069,Miscellaneous,Camouflage Nail Polish Purple Plum,Make Up & Cosmetics >> Nails >> Nails,1162,/iteminfo/camouflage-nail-polish-purple-plum,//d3pllp7nz3wmw5.cloudfront.net/product_images/3546_order_save_EBAY_SMALL_US.jpg
253078,Miscellaneous,Camouflage Nail Polish Light Pink,Make Up & Cosmetics >> Nails >> Nails,1162,/iteminfo/camouflage-nail-polish-light-pink,//d3pllp7nz3wmw5.cloudfront.net/product_images/3554_order_save_EBAY_SMALL_US.jpg
253081,Miscellaneous,Camouflage Nail Polish Brown Plum,Make Up & Cosmetics >> Nails >> Nails,1162,/iteminfo/camouflage-nail-polish-brown-plum,//d3pllp7nz3wmw5.cloudfront.net/product_images/3556_order_save_EBAY_SMALL_US.jpg
216966,Yves Saint Laurent,Ysl La Laque Couture Nail Lacquer #25 Rose Romantique 10g,Make Up & Cosmetics >> Nails >> Nails >> Enamel,4295,/iteminfo/yves-saint-laurent-la-laque-couture-nail-lacquer-no25-rose-romantique-10ml,//d3pllp7nz3wmw5.cloudfront.net/product_images/14118681722_EBAY_SMALL_US.jpg
262088,Dermelect,ME Nail Lacquers - Head Turner 11ml,Make Up & Cosmetics >> Nails >> Nails >> Enamel,1516,/iteminfo/dermelect-me-nail-lacquers-head-turner-brilliant-tangerine-cream-11ml,//d3pllp7nz3wmw5.cloudfront.net/product_images/18431342222_EBAY_SMALL_US.jpg
271981,Ciate,Nail Polish - Strictly Legal 13.5ml,Make Up & Cosmetics >> Nails >> Nails >> Enamel,1010,/iteminfo/ciate-nail-polish-strictly-legal-028-13ml,//d3pllp7nz3wmw5.cloudfront.net/product_images/19578862822_EBAY_SMALL_US.jpg
272239,Ciate,Nail Polish - Angel Wings 13.5ml,Make Up & Cosmetics >> Nails >> Nails >> Enamel,1371,/iteminfo/ciate-nail-polish-angel-wings-090-13ml,//d3pllp7nz3wmw5.cloudfront.net/product_images/19580462822_EBAY_SMALL_US.jpg
279781,Deborah Lippmann,Flat Top Matte Maker Top Coat 15ml,Make Up & Cosmetics >> Nails >> Nails >> Top Coat / Base Coat,2595,/iteminfo/deborah-lippmann-flat-top-matte-maker-top-coat-15ml,//d3pllp7nz3wmw5.cloudfront.net/product_images/20340666522_EBAY_SMALL_US.jpg
247314,Maybelline,New York Salon Expert Nail Color Kissed Petal 405,Make Up & Cosmetics >> Nails >> Nails,1621,/iteminfo/maybelline-new-york-salon-expert-nail-color-kissed-petal-405,//d3pllp7nz3wmw5.cloudfront.net/product_images/3282_order_save_EBAY_SMALL_US.jpg
247328,Max Factor,Nail Polish Be My Honey 108,Make Up & Cosmetics >> Nails >> Nails,1278,/iteminfo/max-factor-nail-polish-be-my-honey-108,//d3pllp7nz3wmw5.cloudfront.net/product_images/3304_order_save_EBAY_SMALL_US.jpg
247337,L'Oreal,L'oreal Jet Set Shine Nail Polsih Mach 800,Make Up & Cosmetics >> Nails >> Nails,1278,/iteminfo/loreal-jet-set-shine-nail-polsih-mach-800,//d3pllp7nz3wmw5.cloudfront.net/product_images/3327_order_save_EBAY_SMALL_US.jpg
247703,Maybelline,Salon Expert Nail Polish Girly Pink 215,Make Up & Cosmetics >> Nails >> Nails,1621,/iteminfo/maybelline-salon-expert-nail-polish-girly-pink-215,//d3pllp7nz3wmw5.cloudfront.net/product_images/2550_order_save_EBAY_SMALL_US.jpg
247726,Opi,Nail Polish On The Same Paige 15ml,Make Up & Cosmetics >> Nails >> Nails,2295,/iteminfo/opi-nail-polish-on-the-same-paige-15ml,//d3pllp7nz3wmw5.cloudfront.net/product_images/4249_order_save_EBAY_SMALL_US.jpg
247975,Flormar,Nail Polish Coloue Suttle Pi 036,Make Up & Cosmetics >> Nails >> Nails,1278,/iteminfo/flormar-nail-polish-coloue-suttle-pi-036,//d3pllp7nz3wmw5.cloudfront.net/product_images/4883_order_save_EBAY_SMALL_US.jpg
247995,Flormar,Nail Polish Colour Bright Lights 011,Make Up & Cosmetics >> Nails >> Nails,1278,/iteminfo/flormar-nail-polish-colour-bright-lights-011,//d3pllp7nz3wmw5.cloudfront.net/product_images/4861_order_save_EBAY_SMALL_US.jpg
247997,Flormar,Nail Polish Colour Premature 021,Make Up & Cosmetics >> Nails >> Nails,1278,/iteminfo/flormar-nail-polish-colour-premature-021,//d3pllp7nz3wmw5.cloudfront.net/product_images/4871_order_save_EBAY_SMALL_US.jpg
247998,Flormar,Nail Polish Colour Blood Red 019,Make Up & Cosmetics >> Nails >> Nails,1278,/iteminfo/flormar-nail-polish-colour-blood-red-019,//d3pllp7nz3wmw5.cloudfront.net/product_images/4869_order_save_EBAY_SMALL_US.jpg
248001,Flormar,Nail Polish Colour Metalic Pink 015,Make Up & Cosmetics >> Nails >> Nails,1278,/iteminfo/flormar-nail-polish-colour-metalic-pink-015,//d3pllp7nz3wmw5.cloudfront.net/product_images/4865_order_save_EBAY_SMALL_US.jpg
248008,Flormar,Nail Polish Colour Crystal Clear 003,Make Up & Cosmetics >> Nails >> Nails,1278,/iteminfo/flormar-nail-polish-colour-crystal-clear-003,//d3pllp7nz3wmw5.cloudfront.net/product_images/4853_order_save_EBAY_SMALL_US.jpg
253058,Miscellaneous,Camouflage Nail Polish Red Plumb,Make Up & Cosmetics >> Nails >> Nails,1162,/iteminfo/camouflage-nail-polish-red-plumb,//d3pllp7nz3wmw5.cloudfront.net/product_images/3534_order_save_EBAY_SMALL_US.jpg
253064,Miscellaneous,Camouflage Nail Polish Silver,Make Up & Cosmetics >> Nails >> Nails,1162,/iteminfo/camouflage-nail-polish-silver,//d3pllp7nz3wmw5.cloudfront.net/product_images/3541_order_save_EBAY_SMALL_US.jpg
253065,Miscellaneous,Camouflage Nail Polish Rust,Make Up & Cosmetics >> Nails >> Nails,1162,/iteminfo/camouflage-nail-polish-rust,//d3pllp7nz3wmw5.cloudfront.net/product_images/3542_order_save_EBAY_SMALL_US.jpg
253075,Miscellaneous,Camouflage Nail Polish Bright Plum,Make Up & Cosmetics >> Nails >> Nails,1162,/iteminfo/camouflage-nail-polish-bright-plum,//d3pllp7nz3wmw5.cloudfront.net/product_images/3551_order_save_EBAY_SMALL_US.jpg
271971,Ciate,Feathered Manicure Set - What A Hoot,Make Up & Cosmetics >> Nails >> Nails >> Enamel,1804,/iteminfo/ciate-feathered-manicure-set-what-a-hoot,//d3pllp7nz3wmw5.cloudfront.net/product_images/19577462822_EBAY_SMALL_US.jpg
271979,Ciate,Nail Polish - Burlesque 13.5ml,Make Up & Cosmetics >> Nails >> Nails >> Enamel,1010,/iteminfo/ciate-nail-polish-burlesque-045-13ml,//d3pllp7nz3wmw5.cloudfront.net/product_images/19578662822_EBAY_SMALL_US.jpg
271984,Ciate,Nail Polish - Island Hopping 13.5ml,Make Up & Cosmetics >> Nails >> Nails >> Enamel,1010,/iteminfo/ciate-nail-polish-island-hopping-098-13ml,//d3pllp7nz3wmw5.cloudfront.net/product_images/19579162822_EBAY_SMALL_US.jpg
271991,Ciate,Nail Polish - Need For Tweed 13.5ml,Make Up & Cosmetics >> Nails >> Nails >> Enamel,1010,/iteminfo/ciate-nail-polish-need-for-tweed-172-13ml,//d3pllp7nz3wmw5.cloudfront.net/product_images/19580062822_EBAY_SMALL_US.jpg
271993,Ciate,Nail Polish - Power Dressing 13.5ml,Make Up & Cosmetics >> Nails >> Nails >> Enamel,1010,/iteminfo/ciate-nail-polish-power-dressing-063-13ml,//d3pllp7nz3wmw5.cloudfront.net/product_images/19580362822_EBAY_SMALL_US.jpg
272236,Ciate,Nail Polish - Mojito 13.5ml,Make Up & Cosmetics >> Nails >> Nails >> Enamel,1010,/iteminfo/ciate-nail-polish-mojito-009-13ml,//d3pllp7nz3wmw5.cloudfront.net/product_images/19578162822_EBAY_SMALL_US.jpg
269556,Lauren B. Beauty,Matte Top Coat 14.8ml,Make Up & Cosmetics >> Nails >> Nails >> Top Coat / Base Coat,2695,/iteminfo/lauren-b-beauty-matte-top-coat-14ml,//d3pllp7nz3wmw5.cloudfront.net/product_images/19422161422_EBAY_SMALL_US.jpg
247316,Maybelline,New York Salon Expert Nail Color Sunlit Bronze 710,Make Up & Cosmetics >> Nails >> Nails,1621,/iteminfo/maybelline-new-york-salon-expert-nail-color-sunlit-bronze-710,//d3pllp7nz3wmw5.cloudfront.net/product_images/3285_order_save_EBAY_SMALL_US.jpg
247317,Maybelline,Wet Shine Nail Polish Banana Puddin,Make Up & Cosmetics >> Nails >> Nails,1621,/iteminfo/maybelline-wet-shine-nail-polish-banana-puddin,//d3pllp7nz3wmw5.cloudfront.net/product_images/3286_order_save_EBAY_SMALL_US.jpg
247325,L'Oreal,L'oreal La Collection Nail Polish Golden Orange 101,Make Up & Cosmetics >> Nails >> Nails,1392,/iteminfo/loreal-la-collection-nail-polish-golden-orange-101,//d3pllp7nz3wmw5.cloudfront.net/product_images/3299_order_save_EBAY_SMALL_US.jpg
247397,Maybelline,Wet Shine Diamonds Nail Polish Sun Flash,Make Up & Cosmetics >> Nails >> Nails,1621,/iteminfo/maybelline-wet-shine-diamonds-nail-polish-sun-flash,//d3pllp7nz3wmw5.cloudfront.net/product_images/3510_order_save_EBAY_SMALL_US.jpg
247424,Maybelline,New York Salon Expert Nail Color Saucy Brown 725,Make Up & Cosmetics >> Nails >> Nails,1621,/iteminfo/maybelline-new-york-salon-expert-nail-color-saucy-brown-725,//d3pllp7nz3wmw5.cloudfront.net/product_images/3284_order_save_EBAY_SMALL_US.jpg
247824,Flormar,Nail Polish 006 Flame Red,Make Up & Cosmetics >> Nails >> Nails,1278,/iteminfo/flormar-nail-polish-006-flame-red,//d3pllp7nz3wmw5.cloudfront.net/product_images/4642_order_save_EBAY_SMALL_US.jpg
247978,Flormar,Nail Polish Colour Make A Statement 034,Make Up & Cosmetics >> Nails >> Nails,1278,/iteminfo/flormar-nail-polish-colour-make-a-statement-034,//d3pllp7nz3wmw5.cloudfront.net/product_images/4881_order_save_EBAY_SMALL_US.jpg
247979,Flormar,Nail Polish Colour Show Stopper 033,Make Up & Cosmetics >> Nails >> Nails,1278,/iteminfo/flormar-nail-polish-colour-show-stopper-033,//d3pllp7nz3wmw5.cloudfront.net/product_images/4880_order_save_EBAY_SMALL_US.jpg
247980,Flormar,Nail Polish Colour Dark Red 030,Make Up & Cosmetics >> Nails >> Nails,1278,/iteminfo/flormar-nail-polish-colour-dark-red-030,//d3pllp7nz3wmw5.cloudfront.net/product_images/4879_order_save_EBAY_SMALL_US.jpg
247986,Flormar,Nail Polish Colour Finess White 024,Make Up & Cosmetics >> Nails >> Nails,1278,/iteminfo/flormar-nail-polish-colour-finess-white-024,//d3pllp7nz3wmw5.cloudfront.net/product_images/4874_order_save_EBAY_SMALL_US.jpg
247987,Flormar,Nail Polish Colour Romantic 023,Make Up & Cosmetics >> Nails >> Nails,1278,/iteminfo/flormar-nail-polish-colour-romantic-023,//d3pllp7nz3wmw5.cloudfront.net/product_images/4873_order_save_EBAY_SMALL_US.jpg
247988,Flormar,Nail Polish Colour Red Devil 017,Make Up & Cosmetics >> Nails >> Nails,1278,/iteminfo/flormar-nail-polish-colour-red-devil-017,//d3pllp7nz3wmw5.cloudfront.net/product_images/4867_order_save_EBAY_SMALL_US.jpg
247990,Flormar,Nail Polish Colour 001 Light Pink,Make Up & Cosmetics >> Nails >> Nails,1278,/iteminfo/flormar-nail-polish-colour-001-light-pink,//d3pllp7nz3wmw5.cloudfront.net/product_images/4851_order_save_EBAY_SMALL_US.jpg
247991,Flormar,Nail Polish Colour Candle Light 020,Make Up & Cosmetics >> Nails >> Nails,1278,/iteminfo/flormar-nail-polish-colour-candle-light-020,//d3pllp7nz3wmw5.cloudfront.net/product_images/4870_order_save_EBAY_SMALL_US.jpg
248000,Flormar,Nail Polish Colour All Fired Up 016,Make Up & Cosmetics >> Nails >> Nails,1278,/iteminfo/flormar-nail-polish-colour-all-fired-up-016,//d3pllp7nz3wmw5.cloudfront.net/product_images/4866_order_save_EBAY_SMALL_US.jpg
248007,Flormar,Nail Polish Colour White Knight 005,Make Up & Cosmetics >> Nails >> Nails,1278,/iteminfo/flormar-nail-polish-colour-white-knight-005,//d3pllp7nz3wmw5.cloudfront.net/product_images/4855_order_save_EBAY_SMALL_US.jpg
248854,L'Oreal,L'oreal Resist And Shine Titanium Nail Varnish 606 Royal Plum,Make Up & Cosmetics >> Nails >> Nails,1278,/iteminfo/loreal-resist-and-shine-titanium-nail-varnish-606-royal-plum,//d3pllp7nz3wmw5.cloudfront.net/product_images/7023_order_save_EBAY_SMALL_US.jpg
248860,Revlon,Nail Polish - 790 Matte Top Coat,Make Up & Cosmetics >> Nails >> Nails,1621,/iteminfo/revlon-nail-polish-790-noshrinking-violet,//d3pllp7nz3wmw5.cloudfront.net/product_images/7029_order_save_EBAY_SMALL_US.jpg
253052,Miscellaneous,Camouflage Nail Polish Dark Pink,Make Up & Cosmetics >> Nails >> Nails,1162,/iteminfo/camouflage-nail-polish-dark-pink,//d3pllp7nz3wmw5.cloudfront.net/product_images/3529_order_save_EBAY_SMALL_US.jpg
253060,Miscellaneous,Camouflage Nail Polish Pumpkin,Make Up & Cosmetics >> Nails >> Nails,1162,/iteminfo/camouflage-nail-polish-pumpkin,//d3pllp7nz3wmw5.cloudfront.net/product_images/3537_order_save_EBAY_SMALL_US.jpg
253061,Miscellaneous,Camouflage Nail Polish Brown,Make Up & Cosmetics >> Nails >> Nails,1162,/iteminfo/camouflage-nail-polish-brown,//d3pllp7nz3wmw5.cloudfront.net/product_images/3539_order_save_EBAY_SMALL_US.jpg
253082,Miscellaneous,Camouflage Nail Polish Wood Shimmer,Make Up & Cosmetics >> Nails >> Nails,1162,/iteminfo/camouflage-nail-polish-wood-shimmer,//d3pllp7nz3wmw5.cloudfront.net/product_images/3557_order_save_EBAY_SMALL_US.jpg
253086,Miscellaneous,Camouflage Nail Colour Polish Mushroom,Make Up & Cosmetics >> Nails >> Nails,1162,/iteminfo/camouflage-nail-colour-polish-mushroom,//d3pllp7nz3wmw5.cloudfront.net/product_images/3538_order_save_EBAY_SMALL_US.jpg
261439,L'Oreal,L'oreal Jet Set Shine Nail Polish - 610 Departure,Make Up & Cosmetics >> Nails >> Nails,1278,/iteminfo/loreal-jetset-nail-polish-610,//d3pllp7nz3wmw5.cloudfront.net/product_images/8833_order_save_EBAY_SMALL_US.jpg
271978,Ciate,Nail Polish - Skinny Dip 13.5ml,Make Up & Cosmetics >> Nails >> Nails >> Enamel,1010,/iteminfo/ciate-nail-polish-skinny-dip-100-13ml,//d3pllp7nz3wmw5.cloudfront.net/product_images/19578562822_EBAY_SMALL_US.jpg
271989,Ciate,Glitter - Foam Party Neon Glitter 10g,Make Up & Cosmetics >> Nails >> Nails >> Enamel,938,/iteminfo/ciate-glitter-foam-party-neon-glitter-10g,//d3pllp7nz3wmw5.cloudfront.net/product_images/19579862822_EBAY_SMALL_US.jpg
271996,Ciate,Nail Polish - Kaftan 13.5ml,Make Up & Cosmetics >> Nails >> Nails >> Enamel,1010,/iteminfo/ciate-nail-polish-kaftan-096-13ml,//d3pllp7nz3wmw5.cloudfront.net/product_images/19580962822_EBAY_SMALL_US.jpg
272003,Ciate,Nail Polish - Palm Tree 13.5ml,Make Up & Cosmetics >> Nails >> Nails >> Enamel,1010,/iteminfo/ciate-nail-polish-palm-tree-135-13ml,//d3pllp7nz3wmw5.cloudfront.net/product_images/19581962822_EBAY_SMALL_US.jpg
272234,Ciate,Nail Polish - LA Confidential 13.5ml,Make Up & Cosmetics >> Nails >> Nails >> Enamel,1010,/iteminfo/ciate-nail-polish-la-confidential-028-13ml,//d3pllp7nz3wmw5.cloudfront.net/product_images/19577762822_EBAY_SMALL_US.jpg
272237,Ciate,Nail Polish - Spending Spree 13.5ml,Make Up & Cosmetics >> Nails >> Nails >> Enamel,1010,/iteminfo/ciate-nail-polish-spending-spree-108-13ml,//d3pllp7nz3wmw5.cloudfront.net/product_images/19579362822_EBAY_SMALL_US.jpg
274759,JINsoon,Nail Lacquer - #Chamonix 11ml,Make Up & Cosmetics >> Nails >> Nails >> Enamel,2207,/iteminfo/jinsoon-nail-lacquer-nochamonix-11ml,//d3pllp7nz3wmw5.cloudfront.net/product_images/19939564822_EBAY_SMALL_US.jpg
301348,Christian Dior,Dior Vernis Couture Colour Intense And Long Wear Matte Finish Nail Lacquer - # 614 Jungle Matte 10ml,Make Up & Cosmetics >> Nails >> Nails >> Enamel,5095,/iteminfo/christian-dior-dior-vernis-couture-colour-intense-and-long-wear-matte-finish-nail-lacquer-no614-jungle-matte-10ml,//d3pllp7nz3wmw5.cloudfront.net/product_images/21986180122_EBAY_SMALL_US.jpg
247127,L'Oreal,3x L'oreal Resist Shine Nail Polish Gold,Make Up & Cosmetics >> Nails >> Nails,2080,/iteminfo/3x-loreal-resist-shine-nail-polish-gold,//d3pllp7nz3wmw5.cloudfront.net/product_images/2593_order_save_EBAY_SMALL_US.jpg
247311,Covergirl,Nail Polish Satin Mauve 610,Make Up & Cosmetics >> Nails >> Nails,1278,/iteminfo/covergirl-nail-polish-satin-mauve-610,//d3pllp7nz3wmw5.cloudfront.net/product_images/3276_order_save_EBAY_SMALL_US.jpg
247312,Covergirl,Nail Polish Cabernet 360,Make Up & Cosmetics >> Nails >> Nails,1278,/iteminfo/covergirl-nail-polish-cabernet-360,//d3pllp7nz3wmw5.cloudfront.net/product_images/3277_order_save_EBAY_SMALL_US.jpg
247313,Maybelline,New York Salon Expert Nail Color Pinkaholic 220,Make Up & Cosmetics >> Nails >> Nails,1621,/iteminfo/maybelline-new-york-salon-expert-nail-color-pinkaholic-220,//d3pllp7nz3wmw5.cloudfront.net/product_images/3281_order_save_EBAY_SMALL_US.jpg
247315,Maybelline,New York Salon Expert Nail Color Peechy Keen 305,Make Up & Cosmetics >> Nails >> Nails,1621,/iteminfo/maybelline-new-york-salon-expert-nail-color-peechy-keen-305,//d3pllp7nz3wmw5.cloudfront.net/product_images/3283_order_save_EBAY_SMALL_US.jpg
247736,L'Oreal,Loreal Resist & Shine Nail Polish Colour Titanium 601,Make Up & Cosmetics >> Nails >> Nails,1278,/iteminfo/loreal-resist-and-shine-nail-polish-colour-titanium-601,//d3pllp7nz3wmw5.cloudfront.net/product_images/4285_order_save_EBAY_SMALL_US.jpg
247811,Lancome,Le Vernis Tenune 107 Rouge Panthere,Make Up & Cosmetics >> Nails >> Nails,3095,/iteminfo/lancome-le-vernis-tenune-107-rouge-panthere,//d3pllp7nz3wmw5.cloudfront.net/product_images/4636_order_save_EBAY_SMALL_US.jpg
247812,Lancome,Le Vernis Triple Tenue 352 Eclat Rubis,Make Up & Cosmetics >> Nails >> Nails,3095,/iteminfo/lancome-le-vernis-triple-tenue-352-eclat-rubis,//d3pllp7nz3wmw5.cloudfront.net/product_images/4635_order_save_EBAY_SMALL_US.jpg
247822,Flormar,Nail Polish 001 Dare To Wear,Make Up & Cosmetics >> Nails >> Nails,1278,/iteminfo/flormar-nail-polish-001-dare-to-wear,//d3pllp7nz3wmw5.cloudfront.net/product_images/4644_order_save_EBAY_SMALL_US.jpg
247989,Flormar,Nail Polish Coloue Sensational Pink 006,Make Up & Cosmetics >> Nails >> Nails,1278,/iteminfo/flormar-nail-polish-coloue-sensational-pink-006,//d3pllp7nz3wmw5.cloudfront.net/product_images/4856_order_save_EBAY_SMALL_US.jpg
247992,Flormar,Nail Polish Colour All Year Round 009,Make Up & Cosmetics >> Nails >> Nails,1278,/iteminfo/flormar-nail-polish-colour-all-year-round-009,//d3pllp7nz3wmw5.cloudfront.net/product_images/4859_order_save_EBAY_SMALL_US.jpg
247996,Flormar,Nail Polish Colour Razzle Dazzle Â 022,Make Up & Cosmetics >> Nails >> Nails,1278,/iteminfo/flormar-nail-polish-colour-razzle-dazzle-022,//d3pllp7nz3wmw5.cloudfront.net/product_images/4872_order_save_EBAY_SMALL_US.jpg
247999,Flormar,Nail Polish Colour Willow 018,Make Up & Cosmetics >> Nails >> Nails,1278,/iteminfo/flormar-nail-polish-colour-willow-018,//d3pllp7nz3wmw5.cloudfront.net/product_images/4868_order_save_EBAY_SMALL_US.jpg
248042,Maybelline,Salon Expert Nail Polish Cute Pink 420,Make Up & Cosmetics >> Nails >> Nails,1621,/iteminfo/maybelline-salon-expert-nail-polish-cute-pink-420,//d3pllp7nz3wmw5.cloudfront.net/product_images/2551_order_save_EBAY_SMALL_US.jpg
253057,Miscellaneous,Camouflage Nail Polish Blonde,Make Up & Cosmetics >> Nails >> Nails,1162,/iteminfo/camouflage-nail-polish-blonde,//d3pllp7nz3wmw5.cloudfront.net/product_images/3533_order_save_EBAY_SMALL_US.jpg
253059,Miscellaneous,Camouflage Nail Polish Naturale,Make Up & Cosmetics >> Nails >> Nails,1162,/iteminfo/camouflage-nail-polish-naturale,//d3pllp7nz3wmw5.cloudfront.net/product_images/3535_order_save_EBAY_SMALL_US.jpg
253077,Miscellaneous,Camouflage Nail Polish Brown Black,Make Up & Cosmetics >> Nails >> Nails,1162,/iteminfo/camouflage-nail-polish-brown-black,//d3pllp7nz3wmw5.cloudfront.net/product_images/3553_order_save_EBAY_SMALL_US.jpg
253079,Miscellaneous,Camouflage Nail Polish Plum,Make Up & Cosmetics >> Nails >> Nails,1162,/iteminfo/camouflage-nail-polish-plum,//d3pllp7nz3wmw5.cloudfront.net/product_images/3555_order_save_EBAY_SMALL_US.jpg
262093,Dermelect,ME Nail Lacquers - Stunner 11ml,Make Up & Cosmetics >> Nails >> Nails >> Enamel,2207,/iteminfo/dermelect-me-nail-lacquers-stunner-metallic-macha-blend-11ml,//d3pllp7nz3wmw5.cloudfront.net/product_images/18432742222_EBAY_SMALL_US.jpg
262866,Dermelect,ME Nail Lacquers - Renegade 11ml,Make Up & Cosmetics >> Nails >> Nails >> Enamel,1516,/iteminfo/dermelect-me-nail-lacquers-renegade-rebellious-jade-creme-11ml,//d3pllp7nz3wmw5.cloudfront.net/product_images/18433342222_EBAY_SMALL_US.jpg
269516,Lauren B. Beauty,Nail Polish - #Coachella Valley Sun 14.8ml,Make Up & Cosmetics >> Nails >> Nails >> Enamel,1804,/iteminfo/lauren-b-beauty-nail-polish-nocoachella-valley-sun-14ml,//d3pllp7nz3wmw5.cloudfront.net/product_images/19365461422_EBAY_SMALL_US.jpg
269752,Lauren B. Beauty,Nail Polish - #Nude No. 4 14.8ml,Make Up & Cosmetics >> Nails >> Nails >> Enamel,1804,/iteminfo/lauren-b-beauty-nail-polish-nonude-no4-14ml,//d3pllp7nz3wmw5.cloudfront.net/product_images/19361461422_EBAY_SMALL_US.jpg
269753,Lauren B. Beauty,Nail Polish - #Nude No. 5 14.8ml,Make Up & Cosmetics >> Nails >> Nails >> Enamel,1804,/iteminfo/lauren-b-beauty-nail-polish-nonude-no5-14ml,//d3pllp7nz3wmw5.cloudfront.net/product_images/19361561422_EBAY_SMALL_US.jpg
271985,Ciate,Nail Polish - Hopscotch 13.5ml,Make Up & Cosmetics >> Nails >> Nails >> Enamel,1010,/iteminfo/ciate-nail-polish-hopscotch-106-13ml,//d3pllp7nz3wmw5.cloudfront.net/product_images/19579262822_EBAY_SMALL_US.jpg
271986,Ciate,Nail Polish - Ladylike Luxe 13.5ml,Make Up & Cosmetics >> Nails >> Nails >> Enamel,1010,/iteminfo/ciate-nail-polish-ladylike-luxe-059-13ml,//d3pllp7nz3wmw5.cloudfront.net/product_images/19579462822_EBAY_SMALL_US.jpg
272004,Ciate,Nail Polish - Glametal 13.5ml,Make Up & Cosmetics >> Nails >> Nails >> Enamel,1010,/iteminfo/ciate-nail-polish-glametal-087-13ml,//d3pllp7nz3wmw5.cloudfront.net/product_images/19582062822_EBAY_SMALL_US.jpg
274723,JINsoon,Nail Lacquer - #Risque 11ml,Make Up & Cosmetics >> Nails >> Nails >> Enamel,2207,/iteminfo/jinsoon-nail-lacquer-norisque-11ml,//d3pllp7nz3wmw5.cloudfront.net/product_images/19935064822_EBAY_SMALL_US.jpg
274736,JINsoon,Nail Lacquer - #Polka Black 11ml,Make Up & Cosmetics >> Nails >> Nails >> Enamel,2207,/iteminfo/jinsoon-nail-lacquer-toppings-nopolka-black-11ml,//d3pllp7nz3wmw5.cloudfront.net/product_images/19936364822_EBAY_SMALL_US.jpg
301260,Yves Saint Laurent,La Laque Couture Nail Lacquer - # 73 Noir Over Noir 10ml,Make Up & Cosmetics >> Nails >> Nails >> Enamel,4295,/iteminfo/yves-saint-laurent-la-laque-couture-nail-lacquer-no73-noir-over-noir-10ml,//d3pllp7nz3wmw5.cloudfront.net/product_images/21873881722_EBAY_SMALL_US.jpg
277986,By Terry,Nail Laque Terrybly Gitter Glow Top Coat - # 700 10ml,Make Up & Cosmetics >> Nails >> Nails >> Top Coat / Base Coat,4095,/iteminfo/by-terry-nail-laque-terrybly-gitter-glow-top-coat-no700-10ml,//d3pllp7nz3wmw5.cloudfront.net/product_images/20349310822_EBAY_SMALL_US.jpg
275181,Opi,OPI Nail Lacquer - #Magazine Cover Mouse 15ml,Make Up & Cosmetics >> Nails >> Nails >> Enamel,866,/iteminfo/opi-nail-lacquer-nomagazine-cover-mouse-15ml,//d3pllp7nz3wmw5.cloudfront.net/product_images/20008851922_EBAY_SMALL_US.jpg
275176,Opi,OPI Nail Lacquer - #Stay The Night 15ml,Make Up & Cosmetics >> Nails >> Nails >> Enamel,866,/iteminfo/opi-nail-lacquer-nostay-the-night-15ml,//d3pllp7nz3wmw5.cloudfront.net/product_images/20008151922_EBAY_SMALL_US.jpg
265325,Christian Dior,Diorlisse Abricot - # 800 Snow Pink 10ml,Make Up & Cosmetics >> Nails >> Nails >> Top Coat / Base Coat,4095,/iteminfo/christian-dior-diorlisse-abricot-smoothing-perfecting-nail-care-no800-snow-pink-10ml,//d3pllp7nz3wmw5.cloudfront.net/product_images/18983280122_EBAY_SMALL_US.jpg
216971,Yves Saint Laurent,Ysl La Laque Couture Nail Lacquer #30 Base Et Top Coat 10g,Make Up & Cosmetics >> Nails >> Nails >> Enamel,4295,/iteminfo/yves-saint-laurent-la-laque-couture-nail-lacquer-no30-base-et-top-coat-10ml,//d3pllp7nz3wmw5.cloudfront.net/product_images/14119381722_EBAY_SMALL_US.jpg
216949,Yves Saint Laurent,La Laque Couture Nail Lacquer - # 8 Fuchsia Cubiste 10ml,Make Up & Cosmetics >> Nails >> Nails >> Enamel,4295,/iteminfo/yves-saint-laurent-la-laque-couture-nail-lacquer-no8-fuchsia-cubiste-10ml,//d3pllp7nz3wmw5.cloudfront.net/product_images/14116881722_EBAY_SMALL_US.jpg
247428,Maybelline,Salon Manicure Calcium Strengthener,Make Up & Cosmetics >> Nails >> Nails,1612,/iteminfo/maybelline-salon-manicure-calcium-strengthener,//d3pllp7nz3wmw5.cloudfront.net/product_images/2552_order_save_EBAY_SMALL_US.jpg
217388,Estee Lauder,Pure Color Nail Lacquer - # 21 Pure Red 9ml,Make Up & Cosmetics >> Nails >> Nails >> Enamel,3695,/iteminfo/estee-lauder-pure-color-nail-lacquer-no21-pure-red-9ml,//d3pllp7nz3wmw5.cloudfront.net/product_images/13915180622_EBAY_SMALL_US.jpg
263917,Christian Dior,Dissolvant Abricot Gentle Polish Remover 50ml,Make Up & Cosmetics >> Nails >> Nails >> Remover,2795,/iteminfo/christian-dior-dissolvant-abricot-gentle-polish-remover-50ml,//d3pllp7nz3wmw5.cloudfront.net/product_images/18772580122_EBAY_SMALL_US.jpg
263393,Christian Dior,Base Coat Abricot 10ml,Make Up & Cosmetics >> Nails >> Nails >> Top Coat / Base Coat,3395,/iteminfo/christian-dior-base-coat-abricot-protective-nail-care-base-10ml,//d3pllp7nz3wmw5.cloudfront.net/product_images/18637580122_EBAY_SMALL_US.jpg
272235,Ciate,Nail Polish - Members Only 13.5ml,Make Up & Cosmetics >> Nails >> Nails >> Enamel,1371,/iteminfo/ciate-nail-polish-members-only-007-13ml,//d3pllp7nz3wmw5.cloudfront.net/product_images/19577962822_EBAY_SMALL_US.jpg
216942,Yves Saint Laurent,La Laque Couture Nail Lacquer - # 1 Rouge Pop Art 10ml,Make Up & Cosmetics >> Nails >> Nails >> Enamel,4295,/iteminfo/yves-saint-laurent-la-laque-couture-nail-lacquer-no1-rouge-pop-art-10ml,//d3pllp7nz3wmw5.cloudfront.net/product_images/14116181722_EBAY_SMALL_US.jpg
271975,Ciate,Nail Polish - Sherbert Fizz 13.5ml,Make Up & Cosmetics >> Nails >> Nails >> Enamel,1010,/iteminfo/ciate-nail-polish-sherbert-fizz-013-13ml,//d3pllp7nz3wmw5.cloudfront.net/product_images/19578262822_EBAY_SMALL_US.jpg
216947,Yves Saint Laurent,La Laque Couture Nail Lacquer - # 6 Rouge Dada 10ml,Make Up & Cosmetics >> Nails >> Nails >> Enamel,3795,/iteminfo/yves-saint-laurent-la-laque-couture-nail-lacquer-no6-rouge-dada-10ml,//d3pllp7nz3wmw5.cloudfront.net/product_images/14116681722_EBAY_SMALL_US.jpg
262219,Dermelect,ME Nail Lacquers - Heirloom 11ml,Make Up & Cosmetics >> Nails >> Nails >> Enamel,1516,/iteminfo/dermelect-me-nail-lacquers-heirloom-royal-sapphire-11ml,//d3pllp7nz3wmw5.cloudfront.net/product_images/18435042222_EBAY_SMALL_US.jpg
263364,Christian Dior,Dior Vernis Couture Colour Gel Shine & Long Wear Nail Lacquer - # 754 Pandore 10ml,Make Up & Cosmetics >> Nails >> Nails >> Enamel,3695,/iteminfo/christian-dior-dior-vernis-couture-colour-gel-shine-and-long-wear-nail-lacquer-no754-pandore-10ml,//d3pllp7nz3wmw5.cloudfront.net/product_images/18633880122_EBAY_SMALL_US.jpg
271988,Ciate,Nail Polish - Headliner 13.5ml,Make Up & Cosmetics >> Nails >> Nails >> Enamel,1371,/iteminfo/ciate-nail-polish-headliner-057-13ml,//d3pllp7nz3wmw5.cloudfront.net/product_images/19579762822_EBAY_SMALL_US.jpg
279776,Deborah Lippmann,Luxurious Nail Color - The Heat Is On 15ml,Make Up & Cosmetics >> Nails >> Nails >> Enamel,2395,/iteminfo/deborah-lippmann-luxurious-nail-color-the-heat-is-on-scalding-scarlett-creme-15ml,//d3pllp7nz3wmw5.cloudfront.net/product_images/20339966522_EBAY_SMALL_US.jpg
274761,JINsoon,Nail Lacquer - #Motif 11ml,Make Up & Cosmetics >> Nails >> Nails >> Enamel,2207,/iteminfo/jinsoon-nail-lacquer-toppings-nomotif-11ml,//d3pllp7nz3wmw5.cloudfront.net/product_images/19939764822_EBAY_SMALL_US.jpg